City_ID,City,Lat,Lng,Max Temp,Humidity,Cloudiness,Wind Speed,Country,Date
0,Codrington,-38.27,141.97,43.47,79,100,7.96,AU,2020-07-09 17:57:12
1,Hermanus,-34.42,19.23,55.99,78,100,5.01,ZA,2020-07-09 17:57:13
2,Guerrero Negro,27.98,-114.06,79.34,45,52,8.93,MX,2020-07-09 17:57:13
3,San Rafael Del Sur,11.85,-86.44,86.0,66,40,13.87,NI,2020-07-09 17:57:13
4,Vaini,-21.2,-175.2,71.6,94,75,5.82,TO,2020-07-09 17:57:13
5,Rikitea,-23.12,-134.97,68.27,63,14,16.78,PF,2020-07-09 17:57:13
6,Albany,42.6,-73.97,90.0,66,3,4.12,US,2020-07-09 17:54:01
7,Kavieng,-2.57,150.8,82.29,77,15,9.48,PG,2020-07-09 17:57:13
8,Touros,-5.2,-35.46,80.6,74,75,11.41,BR,2020-07-09 17:57:13
9,Port Alfred,-33.59,26.89,69.01,58,76,5.01,ZA,2020-07-09 17:57:14
10,Norman Wells,65.28,-126.83,59.0,72,75,5.82,CA,2020-07-09 17:57:14
11,Pisco,-13.7,-76.22,66.2,68,90,9.17,PE,2020-07-09 17:57:14
12,Korla,41.76,86.15,90.0,61,100,3.0,CN,2020-07-09 17:57:14
13,Lorengau,-2.02,147.27,82.35,77,88,9.71,PG,2020-07-09 17:57:14
14,Santa Cruz De La Palma,28.68,-17.76,77.0,78,40,17.22,ES,2020-07-09 17:57:14
15,Puerto Escondido,15.85,-97.07,86.0,70,75,5.82,MX,2020-07-09 17:57:14
16,Narsaq,60.92,-46.05,48.2,93,90,4.7,GL,2020-07-09 17:57:15
17,Kitgum,3.28,32.89,67.98,88,32,1.43,UG,2020-07-09 17:57:15
18,Chokurdakh,70.63,147.92,44.55,81,98,10.69,RU,2020-07-09 17:57:15
19,Tuktoyaktuk,69.45,-133.04,37.4,86,90,8.05,CA,2020-07-09 17:57:15
20,Saint George,37.1,-113.58,95.0,8,1,5.82,US,2020-07-09 17:53:59
21,Portland,45.52,-122.68,66.0,72,90,1.45,US,2020-07-09 17:53:04
22,Usinsk,65.99,57.53,74.34,77,0,14.85,RU,2020-07-09 17:57:16
23,Mataura,-46.19,168.86,41.13,92,94,5.7,NZ,2020-07-09 17:57:16
24,Longyan,25.11,117.02,75.31,89,100,2.98,CN,2020-07-09 17:57:16
25,Bluff,-46.6,168.33,49.78,78,94,19.1,NZ,2020-07-09 17:57:16
26,Addis Abeba,9.03,38.75,58.87,81,73,3.29,ET,2020-07-09 17:57:16
27,Arraial Do Cabo,-22.97,-42.03,78.8,78,20,16.11,BR,2020-07-09 17:57:17
28,Ilulissat,69.22,-51.1,53.6,66,75,5.82,GL,2020-07-09 17:57:17
29,Punta Arenas,-53.15,-70.92,35.6,80,75,23.04,CL,2020-07-09 17:55:29
30,Necochea,-38.55,-58.74,51.01,66,40,13.0,AR,2020-07-09 17:57:17
31,Longyearbyen,78.22,15.64,46.4,81,75,4.7,SJ,2020-07-09 17:57:17
32,Cabedelo,-6.98,-34.83,84.2,70,40,13.87,BR,2020-07-09 17:57:17
33,San Quintin,30.48,-115.95,72.64,63,48,11.68,MX,2020-07-09 17:57:18
34,Provideniya,64.38,-173.3,50.81,82,25,1.48,RU,2020-07-09 17:57:18
35,Lao Cai,22.48,103.95,80.82,68,100,2.53,VN,2020-07-09 17:57:18
36,Hithadhoo,-0.6,73.08,85.06,68,100,3.47,MV,2020-07-09 17:57:18
37,Dunedin,-45.87,170.5,46.99,81,52,1.99,NZ,2020-07-09 17:57:18
38,Avarua,-21.21,-159.78,73.4,78,54,13.87,CK,2020-07-09 17:57:19
39,Boissevain,49.23,-100.06,70.0,72,75,20.8,CA,2020-07-09 17:57:19
40,Atuona,-9.8,-139.03,79.57,77,9,14.76,PF,2020-07-09 17:57:19
41,Muroto,33.28,134.15,75.74,91,100,10.96,JP,2020-07-09 17:57:19
42,Kodiak,57.79,-152.41,57.2,67,90,8.05,US,2020-07-09 17:57:19
43,Hilo,19.73,-155.09,73.4,73,90,4.07,US,2020-07-09 17:55:07
44,Werder,52.38,12.93,69.01,81,88,8.1,DE,2020-07-09 17:57:19
45,Georgetown,5.41,100.34,82.4,88,20,5.44,MY,2020-07-09 17:53:36
46,Bathsheba,13.22,-59.52,87.8,66,40,21.92,BB,2020-07-09 17:57:20
47,Tasiilaq,65.61,-37.64,53.6,65,40,17.22,GL,2020-07-09 17:57:20
48,Santander,43.46,-3.8,73.4,69,75,5.82,ES,2020-07-09 17:54:23
49,Champerico,14.3,-91.92,89.6,55,100,11.41,GT,2020-07-09 17:57:20
50,Hobart,-42.88,147.33,37.99,93,0,8.05,AU,2020-07-09 17:57:06
51,Coquimbo,-29.95,-71.34,62.6,59,14,9.17,CL,2020-07-09 17:57:20
52,Faya,18.39,42.45,77.0,44,21,6.93,SA,2020-07-09 17:57:20
53,Bonavista,48.65,-53.11,55.0,86,98,3.0,CA,2020-07-09 17:57:21
54,Cherskiy,68.75,161.3,56.73,87,92,2.66,RU,2020-07-09 17:57:21
55,Harper,4.38,-7.72,77.38,81,94,11.03,LR,2020-07-09 17:57:21
56,Carnarvon,-24.87,113.63,55.4,47,100,11.41,AU,2020-07-09 17:57:21
57,Canby,45.26,-122.69,64.99,72,90,1.43,US,2020-07-09 17:56:32
58,Wasilla,61.58,-149.44,55.99,100,90,3.6,US,2020-07-09 17:57:21
59,Jamestown,42.1,-79.24,86.0,51,20,5.82,US,2020-07-09 17:55:15
60,Nabire,-3.37,135.48,75.99,86,28,3.22,ID,2020-07-09 17:57:22
61,Singaraja,-8.11,115.09,77.74,72,50,4.65,ID,2020-07-09 17:57:22
62,Sur,22.57,59.53,90.36,52,100,15.26,OM,2020-07-09 17:57:22
63,Kapaa,22.08,-159.32,77.0,83,75,20.8,US,2020-07-09 17:56:38
64,Ixtapa,20.7,-105.2,86.0,74,75,5.91,MX,2020-07-09 17:57:22
65,Puerto Lopez,4.08,-72.96,81.14,81,88,3.96,CO,2020-07-09 17:57:23
66,Ushuaia,-54.8,-68.3,37.4,64,20,3.47,AR,2020-07-09 17:57:03
67,Starogard Gdanski,53.96,18.53,62.01,100,20,2.24,PL,2020-07-09 17:57:23
68,Cache Creek,50.81,-121.32,57.0,76,90,3.36,CA,2020-07-09 17:57:23
69,Grand Gaube,-20.01,57.66,72.0,58,51,8.99,MU,2020-07-09 17:57:23
70,Abapo,-18.83,-63.47,70.65,34,18,6.82,BO,2020-07-09 17:57:23
71,Bredasdorp,-34.53,20.04,53.6,93,100,11.41,ZA,2020-07-09 17:57:23
72,Kirando,-7.42,30.6,76.53,54,4,6.6,TZ,2020-07-09 17:57:23
73,Taoudenni,22.68,-3.98,109.56,6,17,4.05,ML,2020-07-09 17:55:42
74,Bethel,41.37,-73.41,87.01,66,20,8.05,US,2020-07-09 17:57:24
75,Yaan,7.38,8.57,76.5,90,78,3.27,NG,2020-07-09 17:57:24
76,Castro,-24.79,-50.01,59.77,48,92,3.71,BR,2020-07-09 17:57:24
77,Cape Town,-33.93,18.42,55.0,93,75,10.29,ZA,2020-07-09 17:57:20
78,Faanui,-16.48,-151.75,76.41,79,36,25.01,PF,2020-07-09 17:57:24
79,Busselton,-33.65,115.33,41.0,84,2,7.65,AU,2020-07-09 17:57:24
80,Saint-Philippe,-21.36,55.77,68.0,82,75,19.46,RE,2020-07-09 17:57:25
81,Kununurra,-15.77,128.73,55.4,34,50,9.08,AU,2020-07-09 17:57:25
82,Maues,-3.38,-57.72,94.06,41,42,4.81,BR,2020-07-09 17:53:20
83,Barrow,71.29,-156.79,37.4,88,20,10.29,US,2020-07-09 17:57:25
84,Vilhena,-12.74,-60.15,86.0,45,20,8.05,BR,2020-07-09 17:57:25
85,Maceio,-9.67,-35.74,82.4,69,75,5.82,BR,2020-07-09 17:54:29
86,Woodward,36.43,-99.39,87.8,52,1,24.16,US,2020-07-09 17:57:25
87,Betare Oya,5.6,14.08,70.41,91,93,1.52,CM,2020-07-09 17:57:26
88,Sechura,-5.56,-80.82,74.43,54,48,13.35,PE,2020-07-09 17:57:26
89,Constitucion,-35.33,-72.42,54.73,57,89,4.52,CL,2020-07-09 17:54:13
90,Qaanaaq,77.48,-69.36,47.82,52,23,3.89,GL,2020-07-09 17:57:26
91,East London,-33.02,27.91,76.21,34,84,11.88,ZA,2020-07-09 17:57:26
92,Butaritari,3.07,172.79,82.78,78,9,14.2,KI,2020-07-09 17:57:26
93,Muros,42.78,-9.06,77.0,48,0,11.99,ES,2020-07-09 17:57:26
94,Henties Bay,-22.12,14.28,55.99,86,1,1.99,NA,2020-07-09 17:57:27
95,Dikson,73.51,80.55,44.02,83,0,16.24,RU,2020-07-09 17:57:27
96,Kulhudhuffushi,6.62,73.07,83.28,78,97,10.31,MV,2020-07-09 17:57:27
97,Zeya,53.75,127.27,60.58,63,47,4.12,RU,2020-07-09 17:57:27
98,Sitka,57.05,-135.33,55.4,87,90,4.7,US,2020-07-09 17:57:27
99,Dekar,-21.53,21.93,57.72,54,0,3.74,BW,2020-07-09 17:57:28
100,Leningradskiy,69.38,178.42,48.4,72,46,10.69,RU,2020-07-09 17:57:28
101,Mar Del Plata,-38.0,-57.56,51.01,47,4,9.17,AR,2020-07-09 17:57:28
102,Tigil,57.8,158.67,56.21,97,100,2.26,RU,2020-07-09 17:57:28
103,Nioro,13.35,-15.75,89.04,54,91,13.71,GM,2020-07-09 17:57:28
104,Paamiut,61.99,-49.67,46.44,86,95,26.04,GL,2020-07-09 17:57:28
105,Upernavik,72.79,-56.15,43.57,69,56,8.32,GL,2020-07-09 17:57:29
106,Mayo,38.89,-76.51,87.01,74,40,6.93,US,2020-07-09 17:57:29
107,Antalaha,-14.9,50.28,68.31,84,31,11.27,MG,2020-07-09 17:57:29
108,Zhangjiakou,40.81,114.88,60.3,85,62,6.4,CN,2020-07-09 17:57:29
109,Tikhvin,59.65,33.53,55.98,87,45,4.52,RU,2020-07-09 17:57:29
110,Kurilsk,45.23,147.88,53.69,91,34,2.53,RU,2020-07-09 17:57:29
111,Yellowknife,62.46,-114.35,64.99,63,75,4.7,CA,2020-07-09 17:57:30
112,Muncar,-8.43,114.33,74.91,85,95,2.44,ID,2020-07-09 17:57:30
113,Robertsport,6.75,-11.37,77.88,84,73,13.69,LR,2020-07-09 17:57:30
114,North Bend,43.41,-124.22,69.01,77,40,5.82,US,2020-07-09 17:57:30
115,Aklavik,68.22,-135.01,42.8,93,75,12.75,CA,2020-07-09 17:57:30
116,Saskylakh,71.92,114.08,47.34,72,62,10.58,RU,2020-07-09 17:57:31
117,Puerto Ayora,-0.74,-90.35,71.01,91,97,1.99,EC,2020-07-09 17:57:31
118,Brigantine,39.41,-74.36,86.0,62,20,11.41,US,2020-07-09 17:57:31
119,Aranos,-24.13,19.12,63.97,28,0,11.41,NA,2020-07-09 17:57:31
120,Manaus,-3.1,-60.02,89.6,66,40,4.7,BR,2020-07-09 17:57:31
121,Hasaki,35.73,140.83,75.2,94,75,4.7,JP,2020-07-09 17:57:31
122,Ostrovnoy,68.05,39.51,52.27,94,97,8.1,RU,2020-07-09 17:57:31
123,Mineiros,-17.57,-52.55,79.99,48,14,7.25,BR,2020-07-09 17:57:32
124,Caravelas,-17.71,-39.25,80.04,61,0,9.37,BR,2020-07-09 17:57:32
125,Turmalina,-17.29,-42.73,82.76,29,0,3.13,BR,2020-07-09 17:57:32
126,Tiksi,71.69,128.87,33.98,94,99,8.41,RU,2020-07-09 17:57:32
127,Hami,42.8,93.45,79.92,17,7,19.69,CN,2020-07-09 17:57:32
128,Tadine,-21.55,167.88,67.37,80,48,20.56,NC,2020-07-09 17:57:32
129,Torbay,47.67,-52.73,64.99,59,75,12.75,CA,2020-07-09 17:57:32
130,Souillac,-20.52,57.52,71.6,60,20,14.99,MU,2020-07-09 17:57:32
131,Obo,5.4,26.49,68.92,86,26,2.57,CF,2020-07-09 17:57:33
132,Hualmay,-11.1,-77.61,67.28,66,42,12.17,PE,2020-07-09 17:57:33
133,New Norfolk,-42.78,147.06,35.01,91,2,2.71,AU,2020-07-09 17:57:33
134,Muli,2.92,73.57,84.24,72,92,7.2,MV,2020-07-09 17:57:33
135,Ambon,-3.7,128.18,79.0,14,99,11.68,ID,2020-07-09 17:57:33
136,Pacific Grove,36.62,-121.92,60.8,72,40,5.82,US,2020-07-09 17:57:33
137,Ekhabi,53.51,142.97,49.53,98,100,4.59,RU,2020-07-09 17:57:33
138,Oyama,36.3,139.8,78.01,94,75,3.36,JP,2020-07-09 17:57:33
139,Iqaluit,63.75,-68.51,44.6,93,20,8.05,CA,2020-07-09 17:57:34
140,Bar Harbor,44.39,-68.2,71.6,78,1,6.93,US,2020-07-09 17:55:21
141,Pimentel,-6.84,-79.93,68.0,68,40,16.11,PE,2020-07-09 17:57:34
142,Tuatapere,-46.13,167.68,44.06,83,88,7.56,NZ,2020-07-09 17:57:34
143,Chimoio,-19.12,33.48,64.4,77,20,4.7,MZ,2020-07-09 17:57:34
144,Geraldton,-28.77,114.6,50.0,76,3,12.75,AU,2020-07-09 17:57:35
145,Manohar Thana,24.24,76.8,86.5,65,14,10.76,IN,2020-07-09 17:57:35
146,Maneadero,31.72,-116.57,69.01,78,2,5.99,MX,2020-07-09 17:57:35
147,Aloleng,16.13,119.78,83.43,78,84,7.18,PH,2020-07-09 17:57:35
148,Isangel,-19.55,169.27,69.49,76,97,17.67,VU,2020-07-09 17:57:35
149,Marawi,8.0,124.29,75.0,89,57,5.99,PH,2020-07-09 17:57:35
150,Mount Gambier,-37.83,140.77,39.2,100,40,5.82,AU,2020-07-09 17:57:35
151,New Port Richey,28.24,-82.72,91.0,69,36,5.01,US,2020-07-09 17:57:36
152,Pudozh,61.81,36.53,56.5,82,17,4.27,RU,2020-07-09 17:57:36
153,Mangai,-4.05,19.53,82.44,42,71,2.33,CD,2020-07-09 17:57:36
154,Linqiong,30.42,103.46,81.0,69,40,8.95,CN,2020-07-09 17:54:21
155,Thongwa,16.76,96.53,80.6,94,75,3.36,MM,2020-07-09 17:57:36
156,Bubaque,11.28,-15.83,82.94,82,59,16.49,GW,2020-07-09 17:57:36
157,Vestmanna,62.16,-7.17,51.8,76,93,11.41,FO,2020-07-09 17:57:36
158,Flinders,-34.58,150.86,52.0,90,100,1.01,AU,2020-07-09 17:57:37
159,Pontes E Lacerda,-15.23,-59.34,82.31,41,46,7.81,BR,2020-07-09 17:57:37
160,Srinagar,34.08,74.82,66.85,61,32,2.24,IN,2020-07-09 17:57:37
161,Derzhavinsk,51.1,66.32,72.41,60,1,8.59,KZ,2020-07-09 17:57:37
162,Pangnirtung,66.15,-65.71,48.2,81,40,16.11,CA,2020-07-09 17:57:37
163,Parabel,58.7,81.48,60.87,79,99,10.69,RU,2020-07-09 17:57:37
164,Ribeira Grande,38.52,-28.7,73.4,60,75,4.7,PT,2020-07-09 17:57:37
165,Umm Kaddadah,13.6,26.69,89.92,36,84,0.45,SD,2020-07-09 17:57:38
166,Bengkulu,-3.8,102.27,75.54,90,100,8.9,ID,2020-07-09 17:57:38
167,Hackettstown,40.85,-74.83,88.0,62,0,5.82,US,2020-07-09 17:53:16
168,Grimshaw,56.18,-117.6,64.4,72,75,5.82,CA,2020-07-09 17:57:38
169,Prince Rupert,54.32,-130.32,57.2,87,90,2.24,CA,2020-07-09 17:57:38
170,Valledupar,10.46,-73.25,93.2,52,20,9.17,CO,2020-07-09 17:54:52
171,Awbari,26.59,12.78,89.8,13,0,8.48,LY,2020-07-09 17:57:39
172,Prachuap Khiri Khan,11.82,99.78,80.26,81,100,7.9,TH,2020-07-09 17:57:39
173,Northam,51.03,-4.22,60.01,97,94,5.99,GB,2020-07-09 17:57:39
174,Khilok,51.37,110.47,59.59,94,100,2.82,RU,2020-07-09 17:57:39
175,Khatanga,71.97,102.5,54.82,63,5,18.5,RU,2020-07-09 17:57:39
176,Lebu,-37.62,-73.65,53.55,93,100,24.63,CL,2020-07-09 17:57:39
177,Ambilobe,-13.2,49.05,72.3,62,0,11.39,MG,2020-07-09 17:57:40
178,Vanavara,60.34,102.28,49.71,80,35,4.25,RU,2020-07-09 17:57:40
179,Yining,29.04,114.56,75.04,91,93,1.41,CN,2020-07-09 17:57:40
180,Axim,4.87,-2.24,76.98,86,94,8.75,GH,2020-07-09 17:57:40
181,Te Anau,-45.42,167.72,35.73,87,44,0.78,NZ,2020-07-09 17:57:40
182,Talara,-4.58,-81.27,69.8,73,75,21.92,PE,2020-07-09 17:57:40
183,Ca Mau,9.18,105.15,78.4,86,100,2.86,VN,2020-07-09 17:57:41
184,Carora,10.18,-70.08,97.52,21,35,21.72,VE,2020-07-09 17:57:41
185,Kruisfontein,-34.0,24.73,59.72,70,38,19.06,ZA,2020-07-09 17:57:41
186,Ponta Do Sol,32.67,-17.1,75.2,69,20,5.82,PT,2020-07-09 17:57:41
187,Tottori,35.5,134.23,73.38,88,100,7.63,JP,2020-07-09 17:54:34
188,Severo-Kurilsk,50.68,156.12,49.05,93,100,15.59,RU,2020-07-09 17:57:41
189,General Salgado,-20.65,-50.36,75.07,46,88,5.17,BR,2020-07-09 17:57:41
190,Nome,64.5,-165.41,57.0,76,1,4.7,US,2020-07-09 17:52:43
191,Nemuro,43.32,145.57,57.94,97,54,4.72,JP,2020-07-09 17:57:42
192,Asau,46.43,26.4,69.01,78,68,1.41,RO,2020-07-09 17:57:42
193,Jamu Mare,45.25,21.42,78.8,57,0,4.7,RO,2020-07-09 17:57:42
194,Sao Filipe,14.9,-24.5,76.39,85,8,18.59,CV,2020-07-09 17:57:42
195,Acapulco,16.86,-99.89,84.2,70,75,9.17,MX,2020-07-09 17:57:42
196,Cabatuan,10.88,122.49,77.16,87,72,2.24,PH,2020-07-09 17:57:42
197,Arlit,18.74,7.39,100.81,18,90,9.95,NE,2020-07-09 17:57:43
198,Airai,-8.93,125.41,54.82,95,98,3.83,TL,2020-07-09 17:57:43
199,Turukhansk,65.82,87.98,55.02,85,99,7.61,RU,2020-07-09 17:57:43
200,Lavrentiya,65.58,-171.0,47.55,81,2,1.25,RU,2020-07-09 17:57:43
201,Fairbanks,64.84,-147.72,55.4,93,90,3.06,US,2020-07-09 17:55:03
202,Adrar,20.5,-10.07,107.26,6,2,14.29,MR,2020-07-09 17:57:43
203,Cambui,-22.61,-46.06,73.99,65,21,7.61,BR,2020-07-09 17:57:43
204,Key West,24.56,-81.78,95.0,70,75,4.7,US,2020-07-09 17:57:44
205,Paita,-5.09,-81.11,69.8,73,75,21.92,PE,2020-07-09 17:57:44
206,Nikolskoye,59.7,30.79,63.0,55,20,11.18,RU,2020-07-09 17:57:44
207,Labuhan,-6.88,112.21,75.61,83,87,8.75,ID,2020-07-09 17:57:44
208,Ryotsu,38.08,138.43,68.0,100,97,1.25,JP,2020-07-09 17:57:44
209,Rio Grande,-32.03,-52.1,59.0,51,40,14.99,BR,2020-07-09 17:55:09
210,Opuwo,-18.06,13.84,59.7,32,0,6.24,NA,2020-07-09 17:57:45
211,Lluta,-16.01,-72.01,66.2,6,0,10.29,PE,2020-07-09 17:57:45
212,Pakxan,18.38,103.66,78.21,90,100,1.63,LA,2020-07-09 17:57:45
213,Nanortalik,60.14,-45.24,46.18,93,100,14.38,GL,2020-07-09 17:57:45
214,Banda Aceh,5.56,95.32,79.88,75,100,4.32,ID,2020-07-09 17:55:02
215,Bom Jesus,-9.07,-44.36,92.91,28,69,7.76,BR,2020-07-09 17:57:45
216,Slantsy,59.12,28.09,55.98,83,36,4.76,RU,2020-07-09 17:57:45
217,Kavaratti,10.57,72.64,83.19,79,100,9.78,IN,2020-07-09 17:57:46
218,Teluk Intan,4.03,101.02,78.8,94,40,3.18,MY,2020-07-09 17:57:46
219,Tautira,-17.73,-149.15,71.6,73,20,4.7,PF,2020-07-09 17:57:46
220,Chuy,-33.7,-53.46,52.61,64,40,14.18,UY,2020-07-09 17:57:46
221,Lewisporte,49.25,-55.05,60.8,72,90,10.29,CA,2020-07-09 17:57:46
222,Kamuli,0.95,33.12,65.98,88,26,0.74,UG,2020-07-09 17:57:46
223,Kamenka,51.32,42.77,68.0,74,78,8.99,RU,2020-07-09 17:57:46
224,Alice Springs,-23.7,133.88,41.0,41,0,5.82,AU,2020-07-09 17:57:47
225,Camana,-16.62,-72.71,66.13,63,45,8.3,PE,2020-07-09 17:57:47
226,Taltal,-25.4,-70.48,68.92,39,0,5.95,CL,2020-07-09 17:57:47
227,Lagoa,39.05,-27.98,68.7,71,18,2.06,PT,2020-07-09 17:57:47
228,Laguna,38.42,-121.42,82.0,38,5,4.7,US,2020-07-09 17:54:13
229,Nanakuli,21.39,-158.15,77.0,73,75,4.7,US,2020-07-09 17:57:47
230,San Antonio,29.42,-98.49,91.99,55,75,12.75,US,2020-07-09 17:54:49
231,Santa Cruz,-17.8,-63.17,69.85,41,97,6.73,BO,2020-07-09 17:57:48
232,Valasske Klobouky,49.14,18.01,70.0,83,90,3.02,CZ,2020-07-09 17:57:48
233,Padang,-0.95,100.35,77.34,79,100,4.27,ID,2020-07-09 17:57:48
234,Thompson,55.74,-97.86,64.4,82,90,13.87,CA,2020-07-09 17:57:48
235,Grindavik,63.84,-22.43,51.8,71,75,17.22,IS,2020-07-09 17:57:48
236,Grand-Santi,4.25,-54.38,90.88,53,94,1.63,GF,2020-07-09 17:57:48
237,Oistins,13.07,-59.53,87.8,66,40,21.92,BB,2020-07-09 17:57:49
238,Qaqortoq,60.72,-46.03,48.2,93,90,4.7,GL,2020-07-09 17:57:49
239,Clyde River,70.47,-68.59,51.8,66,75,12.75,CA,2020-07-09 17:57:49
240,Lima,-12.04,-77.03,62.6,77,90,5.82,PE,2020-07-09 17:55:54
241,Montepuez,-13.13,39.0,68.27,76,67,4.29,MZ,2020-07-09 17:57:49
242,Kuito,-12.38,16.93,59.85,39,0,2.15,AO,2020-07-09 17:57:49
243,Saint-Pierre,-21.34,55.48,68.0,82,75,19.46,RE,2020-07-09 17:57:49
244,Mitsamiouli,-11.38,43.28,78.8,74,20,12.75,KM,2020-07-09 17:57:50
245,Jos,9.92,8.9,69.89,85,46,2.17,NG,2020-07-09 17:57:50
246,Margate,51.38,1.39,66.99,78,98,4.0,GB,2020-07-09 17:57:50
247,Kasongo-Lunda,-6.47,16.82,82.06,39,18,2.01,CD,2020-07-09 17:57:50
248,Luderitz,-26.65,15.16,59.0,77,91,11.41,NA,2020-07-09 17:57:50
249,Deputatskiy,69.3,139.9,45.99,95,14,1.57,RU,2020-07-09 17:57:50
250,Sobolevo,54.43,31.9,54.68,86,1,5.01,RU,2020-07-09 17:57:51
251,Coahuayana,18.73,-103.68,78.8,74,75,4.56,MX,2020-07-09 17:57:51
252,Storforshei,66.4,14.52,55.0,81,75,2.24,NO,2020-07-09 17:57:51
253,Dunkwa,5.97,-1.78,74.77,93,100,2.75,GH,2020-07-09 17:57:51
254,Ngunguru,-35.62,174.5,41.0,96,0,4.0,NZ,2020-07-09 17:57:51
255,Kaeo,-35.1,173.78,41.0,3,0,3.0,NZ,2020-07-09 17:57:51
256,Ancud,-41.87,-73.82,51.01,81,90,5.82,CL,2020-07-09 17:57:52
257,Victoria,22.29,114.16,86.0,70,100,11.01,HK,2020-07-09 17:57:52
258,Ambulu,-8.35,113.61,73.06,86,71,4.0,ID,2020-07-09 17:57:52
259,Virden,39.5,-89.77,89.01,63,1,8.01,US,2020-07-09 17:57:52
260,Jurm,36.86,70.83,69.67,38,20,2.8,AF,2020-07-09 17:57:52
261,Amahai,-3.33,128.92,76.21,88,90,3.31,ID,2020-07-09 17:57:52
262,San Carlos De Bariloche,-41.15,-71.31,37.4,93,90,5.82,AR,2020-07-09 17:57:52
263,Kaitangata,-46.28,169.85,48.0,73,40,5.01,NZ,2020-07-09 17:57:53
264,Husavik,66.04,-17.34,50.0,66,75,28.86,IS,2020-07-09 17:57:53
265,Vardo,70.37,31.11,46.4,93,75,24.16,NO,2020-07-09 17:57:53
266,Leuwiliang,-6.57,106.63,81.0,83,20,5.82,ID,2020-07-09 17:57:53
267,Tutoia,-2.76,-42.27,85.8,62,41,7.49,BR,2020-07-09 17:57:53
268,Jilib,0.49,42.79,75.45,87,4,4.56,SO,2020-07-09 17:57:53
269,Kalmunai,7.42,81.82,81.01,81,97,8.34,LK,2020-07-09 17:57:53
270,Aasiaat,68.71,-52.87,41.38,98,100,11.07,GL,2020-07-09 17:57:54
271,Luan,46.36,6.98,87.8,25,20,12.75,CH,2020-07-09 17:57:54
272,Lompoc,34.64,-120.46,62.6,82,0,5.82,US,2020-07-09 17:54:22
273,Makat,47.65,53.35,87.85,25,44,2.53,KZ,2020-07-09 17:57:54
274,Zwolle,52.51,6.09,63.0,98,100,1.01,NL,2020-07-09 17:57:54
275,Vitry-Le-Francois,48.73,4.58,87.8,29,1,10.29,FR,2020-07-09 17:57:54
276,Ozinki,51.18,49.68,81.45,39,3,10.65,RU,2020-07-09 17:57:54
277,Gagra,43.33,40.22,75.2,69,20,6.71,GE,2020-07-09 17:57:54
278,Yumen,40.28,97.2,70.05,24,0,7.96,CN,2020-07-09 17:57:55
279,Arroyo,41.61,-4.8,64.4,77,75,12.75,ES,2020-07-09 17:57:55
280,Miri,4.41,114.01,75.2,100,40,5.82,MY,2020-07-09 17:57:55
281,Saint-Francois,46.42,3.91,91.4,26,18,5.82,FR,2020-07-09 17:57:55
282,Le Vauclin,14.55,-60.84,89.6,62,75,19.46,MQ,2020-07-09 17:57:55
283,La Labor,14.48,-89.0,78.89,62,74,6.11,HN,2020-07-09 17:57:55
284,Klaksvik,62.23,-6.59,51.8,76,100,11.41,FO,2020-07-09 17:57:55
285,Road Town,18.42,-64.62,87.8,62,40,11.41,VG,2020-07-09 17:53:31
286,Rosehearty,57.7,-2.11,55.0,79,54,3.0,GB,2020-07-09 17:57:56
287,Pevek,69.7,170.31,47.91,81,93,7.36,RU,2020-07-09 17:57:56
288,Olafsvik,64.89,-23.71,52.34,67,54,11.07,IS,2020-07-09 17:57:56
289,Mabua,9.81,125.44,81.05,79,58,7.16,PH,2020-07-09 17:57:56
290,Winona,43.97,-91.77,69.8,100,90,8.05,US,2020-07-09 17:57:56
291,Tecoanapa,16.52,-98.75,88.09,62,98,9.17,MX,2020-07-09 17:57:57
292,Melilla,35.29,-2.94,80.6,65,14,5.82,ES,2020-07-09 17:57:57
293,Mahebourg,-20.41,57.7,71.6,60,20,14.99,MU,2020-07-09 17:57:57
294,Brae,60.4,-1.35,53.6,81,20,9.17,GB,2020-07-09 17:57:57
295,Torata,-17.08,-70.84,66.31,22,0,7.9,PE,2020-07-09 17:57:57
296,Padrauna,26.9,83.98,82.4,100,75,2.24,IN,2020-07-09 17:57:57
297,Mount Isa,-20.73,139.5,57.2,71,4,4.7,AU,2020-07-09 17:57:58
298,Kodinar,20.79,70.7,83.86,80,37,17.38,IN,2020-07-09 17:57:58
299,Jiexiu,37.02,111.91,73.44,70,52,4.61,CN,2020-07-09 17:57:58
300,Alice,27.75,-98.07,93.2,56,20,14.99,US,2020-07-09 17:57:58
301,Formosa Do Rio Preto,-11.05,-45.19,89.35,25,8,6.73,BR,2020-07-09 17:57:58
302,Kijang,35.24,129.21,73.4,83,90,8.05,KR,2020-07-09 17:57:58
303,Gizo,-8.1,156.84,82.0,77,84,12.17,SB,2020-07-09 17:57:59
304,Alofi,-19.06,-169.92,71.6,94,81,5.82,NU,2020-07-09 17:57:59
305,Vostok,46.49,135.88,53.65,100,96,1.86,RU,2020-07-09 17:57:59
306,Sterling,39.01,-77.43,91.0,55,40,6.93,US,2020-07-09 17:55:35
307,Joshimath,30.57,79.57,69.13,58,90,0.6,IN,2020-07-09 17:57:59
308,Esperance,-33.87,121.9,48.2,66,90,9.17,AU,2020-07-09 17:57:59
309,Bosaso,11.28,49.18,92.23,48,94,1.28,SO,2020-07-09 17:58:00
310,Lasa,46.62,10.7,69.8,64,75,6.93,IT,2020-07-09 17:58:00
311,Yerbogachen,61.28,108.01,52.79,91,69,3.15,RU,2020-07-09 17:58:00
312,Shizunai,42.33,142.37,62.04,79,55,2.35,JP,2020-07-09 17:58:00
313,Ewa Beach,21.32,-158.01,77.0,73,75,4.7,US,2020-07-09 17:53:51
314,Kenai,60.55,-151.26,57.2,82,75,4.7,US,2020-07-09 17:58:00
315,Amherst Center,42.38,-72.52,91.0,62,41,1.99,US,2020-07-09 17:58:01
316,Oriximina,-1.77,-55.87,87.1,60,61,6.62,BR,2020-07-09 17:58:01
317,La Ronge,55.1,-105.28,62.6,77,90,4.7,CA,2020-07-09 17:58:01
318,Reo,12.32,-2.47,92.5,41,55,9.48,BF,2020-07-09 17:58:01
319,Sayyan,15.17,44.32,67.32,56,71,5.68,YE,2020-07-09 17:58:01
320,Saldanha,-33.01,17.94,55.4,93,100,8.05,ZA,2020-07-09 17:58:01
321,Alihe,50.57,123.72,61.14,86,100,1.83,CN,2020-07-09 17:58:01
322,Bilma,18.69,12.92,98.71,14,66,6.31,NE,2020-07-09 17:58:02
323,Pangoa,-12.12,-73.0,70.56,95,97,3.15,PE,2020-07-09 17:58:02
324,Wattegama,6.8,81.48,77.05,86,93,5.12,LK,2020-07-09 17:58:02
325,Excelsior Springs,39.34,-94.23,86.0,54,1,5.82,US,2020-07-09 17:58:02
326,Pomabamba,-8.83,-77.47,49.3,74,96,4.5,PE,2020-07-09 17:58:02
327,Ahar,38.48,47.07,70.77,58,53,4.23,IR,2020-07-09 17:58:02
328,Dingle,11.0,122.67,77.31,88,68,2.71,PH,2020-07-09 17:58:03
329,Andros Town,24.7,-77.77,87.8,70,75,8.05,BS,2020-07-09 17:58:03
330,Beloha,-25.17,45.05,67.05,66,0,13.29,MG,2020-07-09 17:58:03
331,Kabalo,-6.05,26.92,81.75,33,11,5.44,CD,2020-07-09 17:58:03
332,Fallon,39.47,-118.78,78.8,21,1,6.93,US,2020-07-09 17:56:56
333,Shingu,33.73,135.98,70.97,93,100,2.24,JP,2020-07-09 17:58:03
334,Samarai,-10.62,150.67,78.28,88,97,19.95,PG,2020-07-09 17:58:03
335,Tuy Hoa,13.08,109.3,77.54,85,100,6.38,VN,2020-07-09 17:58:04
336,Camopi,3.17,-52.32,82.65,86,67,2.71,GF,2020-07-09 17:58:04
337,Atar,20.52,-13.05,112.05,6,33,23.02,MR,2020-07-09 17:58:04
338,Agdam,39.99,46.93,81.3,52,89,3.02,AZ,2020-07-09 17:58:04
339,Arman,59.7,150.17,50.95,95,100,1.14,RU,2020-07-09 17:58:04
340,Vicente Guerrero,19.12,-98.17,71.6,49,75,2.24,MX,2020-07-09 17:58:04
341,Tacna,-18.01,-70.25,64.4,63,23,5.82,PE,2020-07-09 17:58:04
342,Bandarbeyla,9.49,50.81,79.41,73,100,33.76,SO,2020-07-09 17:58:04
343,Tomatlan,19.93,-105.25,93.88,43,100,3.29,MX,2020-07-09 17:58:05
344,Nelson Bay,-32.72,152.15,54.0,100,40,7.56,AU,2020-07-09 17:58:05
345,Cabo San Lucas,22.89,-109.91,87.01,70,40,17.22,MX,2020-07-09 17:58:05
346,Salina,38.84,-97.61,81.0,57,75,3.36,US,2020-07-09 17:58:05
347,Inhambane,-23.86,35.38,64.4,88,7,8.86,MZ,2020-07-09 17:58:05
348,Bontang,0.13,117.5,76.5,87,92,5.59,ID,2020-07-09 17:58:05
349,Itaueira,-7.6,-43.03,92.34,33,65,8.68,BR,2020-07-09 17:58:05
350,Omsukchan,62.53,155.8,51.51,90,96,5.28,RU,2020-07-09 17:58:06
351,Garowe,8.41,48.48,87.57,35,76,17.16,SO,2020-07-09 17:58:06
352,Suntar,62.14,117.63,56.46,95,31,4.16,RU,2020-07-09 17:58:06
353,Tefe,-3.35,-64.71,89.6,62,40,10.29,BR,2020-07-09 17:58:06
354,Khandbari,27.37,87.2,74.95,79,100,1.88,NP,2020-07-09 17:58:06
355,Kaduna,10.52,7.44,76.91,78,58,4.5,NG,2020-07-09 17:58:06
356,Petropavl,54.88,69.16,71.4,84,40,9.28,KZ,2020-07-09 17:58:07
357,Richards Bay,-28.78,32.04,72.36,54,0,16.11,ZA,2020-07-09 17:58:07
358,Teseney,15.11,36.66,84.83,55,77,15.3,ER,2020-07-09 17:58:07
359,Qandala,11.47,49.87,91.9,50,90,4.27,SO,2020-07-09 17:58:07
360,Changli,39.7,119.15,69.17,72,100,1.52,CN,2020-07-09 17:58:07
361,Haines Junction,60.75,-137.51,62.55,46,84,1.03,CA,2020-07-09 17:58:07
362,Sorong,-0.88,131.25,77.94,86,100,5.41,ID,2020-07-09 17:58:07
363,Maltahohe,-24.83,16.98,55.35,36,0,13.78,NA,2020-07-09 17:58:08
364,Santa Isabel Do Rio Negro,-0.41,-65.02,84.61,73,51,3.96,BR,2020-07-09 17:58:08
365,Fare,-16.7,-151.02,76.53,78,37,25.08,PF,2020-07-09 17:58:08
366,Gleisdorf,47.11,15.71,78.8,47,52,6.93,AT,2020-07-09 17:58:08
367,Sao Joao Da Barra,-21.64,-41.05,84.2,45,0,11.41,BR,2020-07-09 17:58:08
368,Chapleau,47.84,-83.4,78.8,78,75,9.17,CA,2020-07-09 17:58:08
369,Puerto El Triunfo,13.28,-88.55,93.2,63,3,3.36,SV,2020-07-09 17:58:09
370,Udachnyy,66.42,112.4,62.6,48,90,11.18,RU,2020-07-09 17:58:09
371,Lalibela,12.03,39.03,59.11,80,45,6.42,ET,2020-07-09 17:58:09
372,Montijo,38.71,-8.97,80.6,54,2,10.29,PT,2020-07-09 17:58:09
373,Broome,42.25,-75.83,91.99,56,0,7.0,US,2020-07-09 17:54:41
374,Toktogul,41.87,72.94,66.7,53,36,4.18,KG,2020-07-09 17:58:09
375,Dargaville,-35.93,173.88,44.83,82,1,2.98,NZ,2020-07-09 17:58:09
376,Kentau,43.52,68.51,81.23,25,71,28.99,KZ,2020-07-09 17:58:09
377,Havoysund,71.0,24.66,50.0,87,75,13.87,NO,2020-07-09 17:58:10
378,Noumea,-22.28,166.46,68.0,82,75,6.93,NC,2020-07-09 17:58:10
379,Bambanglipuro,-7.95,110.28,74.77,86,32,6.04,ID,2020-07-09 17:58:10
380,Port Elizabeth,-33.92,25.57,64.4,77,53,24.16,ZA,2020-07-09 17:57:47
381,Cockburn Town,21.46,-71.14,83.79,81,100,18.88,TC,2020-07-09 17:56:11
382,Tessalit,20.2,1.01,99.25,17,68,14.12,ML,2020-07-09 17:58:10
383,Puerto Baquerizo Moreno,-0.9,-89.6,68.43,88,98,11.23,EC,2020-07-09 17:58:10
384,Kiama,-34.68,150.87,52.0,87,100,4.34,AU,2020-07-09 17:58:11
385,Huarmey,-10.07,-78.15,67.96,64,30,12.97,PE,2020-07-09 17:58:11
386,Berlevag,70.86,29.09,46.4,93,75,17.22,NO,2020-07-09 17:58:11
387,Goundam,16.41,-3.67,96.39,29,35,15.03,ML,2020-07-09 17:58:11
388,Altay,47.87,88.12,61.39,57,9,4.18,CN,2020-07-09 17:58:11
389,Severo-Yeniseyskiy,60.37,93.04,44.87,95,40,6.24,RU,2020-07-09 17:58:11
390,Belfast,54.58,-5.93,60.8,51,51,12.75,GB,2020-07-09 17:56:51
391,Kontagora,10.4,5.47,79.7,76,70,3.65,NG,2020-07-09 17:58:11
392,Daru,-9.08,143.21,78.01,89,87,17.54,PG,2020-07-09 17:58:12
393,Soure,-0.72,-48.52,85.28,69,46,5.61,BR,2020-07-09 17:58:12
394,Lidkoping,58.51,13.16,60.8,72,93,6.93,SE,2020-07-09 17:58:12
395,Ures,29.43,-110.4,93.99,43,28,5.99,MX,2020-07-09 17:58:12
396,Hofn,64.25,-15.21,55.4,58,75,16.11,IS,2020-07-09 17:58:12
397,Huntsville,34.73,-86.59,88.0,66,40,6.93,US,2020-07-09 17:53:19
398,Cidreira,-30.18,-50.21,55.74,61,0,16.82,BR,2020-07-09 17:58:12
399,Terme,41.21,36.97,75.2,57,75,6.93,TR,2020-07-09 17:58:13
400,Rokupr,8.67,-12.39,77.16,92,91,5.88,SL,2020-07-09 17:58:13
401,Eureka,40.8,-124.16,62.01,100,6,1.01,US,2020-07-09 17:58:13
402,Beringovskiy,63.05,179.32,53.62,74,96,2.1,RU,2020-07-09 17:58:13
403,Palatka,29.65,-81.64,90.0,62,40,6.93,US,2020-07-09 17:58:13
404,Selma,36.57,-119.61,89.01,28,1,2.35,US,2020-07-09 17:58:13
405,Muscle Shoals,34.74,-87.67,88.0,66,20,1.39,US,2020-07-09 17:58:14
406,Varzob,38.77,68.82,80.6,32,13,13.42,TJ,2020-07-09 17:58:14
407,Bonthe,7.53,-12.51,77.86,87,97,11.68,SL,2020-07-09 17:58:14
408,Weston,26.1,-80.4,96.01,44,91,1.01,US,2020-07-09 17:58:14
409,Lodja,-3.48,23.43,84.38,36,85,0.51,CD,2020-07-09 17:58:14
410,Vestmannaeyjar,63.44,-20.27,55.4,71,20,21.92,IS,2020-07-09 17:58:14
411,Fortuna,40.6,-124.16,62.01,87,90,9.17,US,2020-07-09 17:58:14
412,Guanica,17.97,-66.91,89.01,43,29,10.0,PR,2020-07-09 17:58:15
413,Moerai,-22.43,-151.33,70.02,70,67,19.57,PF,2020-07-09 17:58:15
414,Gimli,50.63,-96.99,70.0,99,74,14.0,CA,2020-07-09 17:58:15
415,Pitimbu,-7.47,-34.81,84.2,70,40,13.87,BR,2020-07-09 17:58:15
416,Harbour Breton,47.48,-55.8,53.74,80,100,15.77,CA,2020-07-09 17:58:15
417,Honiara,-9.43,159.95,75.2,100,40,2.24,SB,2020-07-09 17:58:15
418,Hamilton,39.18,-84.53,93.99,58,40,5.82,US,2020-07-09 17:56:33
419,Yabelo,4.88,38.08,60.24,89,81,8.25,ET,2020-07-09 17:58:16
420,Turiacu,-1.66,-45.37,87.67,57,7,5.93,BR,2020-07-09 17:58:16
421,Ahuimanu,21.44,-157.84,79.0,69,40,11.41,US,2020-07-09 17:58:16
422,Natitingou,10.3,1.38,78.8,78,75,11.41,BJ,2020-07-09 17:58:16
423,Karratha,-20.74,116.85,67.37,25,0,10.89,AU,2020-07-09 17:58:16
424,Tim,51.62,37.12,64.4,59,44,6.71,RU,2020-07-09 17:58:17
425,San Jeronimo,-11.95,-75.28,58.21,41,84,2.26,PE,2020-07-09 17:58:17
426,Umm Lajj,25.02,37.27,83.43,62,0,5.06,SA,2020-07-09 17:58:17
427,Spirovo,57.42,34.98,55.08,91,70,3.85,RU,2020-07-09 17:58:17
428,Mombasa,-4.05,39.66,77.0,83,40,5.82,KE,2020-07-09 17:58:17
429,Malanje,-9.54,16.34,72.23,33,0,4.76,AO,2020-07-09 17:58:17
430,Port Hardy,50.7,-127.42,57.2,93,75,6.93,CA,2020-07-09 17:58:17
431,Riyadh,24.69,46.72,102.2,11,0,5.82,SA,2020-07-09 17:53:43
432,Yar-Sale,66.83,70.83,56.88,67,20,8.66,RU,2020-07-09 17:58:18
433,Kintampo,8.06,-1.73,75.74,90,93,2.89,GH,2020-07-09 17:58:18
434,Lengshuijiang,27.69,111.43,76.5,91,100,1.21,CN,2020-07-09 17:58:18
435,Chingirlau,51.09,54.08,79.14,53,0,11.01,KZ,2020-07-09 17:58:18
436,Moultrie,31.18,-83.79,86.0,66,1,9.17,US,2020-07-09 17:58:18
437,Namibe,-15.2,12.15,65.82,77,0,10.18,AO,2020-07-09 17:58:18
438,Lahad Datu,5.03,118.33,77.41,88,100,2.82,MY,2020-07-09 17:58:18
439,Pullman,46.73,-117.18,73.99,52,1,4.7,US,2020-07-09 17:58:18
440,Melton,-37.68,144.58,48.0,89,100,5.75,AU,2020-07-09 17:56:19
441,Salalah,17.02,54.09,84.2,83,75,5.82,OM,2020-07-09 17:58:19
442,The Valley,18.22,-63.06,89.6,58,20,18.34,AI,2020-07-09 17:58:19
443,Saint-Joseph,-21.37,55.62,68.0,82,75,19.46,RE,2020-07-09 17:58:19
444,Sao Miguel,-5.47,-35.37,80.6,74,75,11.41,BR,2020-07-09 17:58:19
445,Saint Anthony,45.02,-93.22,75.2,78,1,11.41,US,2020-07-09 17:58:19
446,Quatre Cocos,-20.21,57.76,72.0,60,20,14.99,MU,2020-07-09 17:58:19
447,Hervey Bay,-25.3,152.85,61.0,85,59,4.0,AU,2020-07-09 17:56:56
448,Esmeralda,21.85,-78.12,89.6,70,40,4.7,CU,2020-07-09 17:58:20
449,Chimbote,-9.09,-78.58,67.1,68,66,13.53,PE,2020-07-09 17:58:20
450,Panguna,-6.32,155.48,69.39,97,100,2.51,PG,2020-07-09 17:58:20
451,Bundaberg,-24.85,152.35,60.8,82,90,6.93,AU,2020-07-09 17:58:20
452,Mangrol,21.12,70.12,84.22,79,32,18.9,IN,2020-07-09 17:58:20
453,Tabou,4.42,-7.35,77.47,83,91,11.27,CI,2020-07-09 17:58:20
454,Pravia,43.49,-6.15,70.0,82,20,6.93,ES,2020-07-09 17:58:21
455,Hit,33.64,42.83,100.98,13,19,13.06,IQ,2020-07-09 17:58:21
456,Abalak,58.13,68.59,68.16,95,37,2.68,RU,2020-07-09 17:58:21
457,Orlik,52.52,99.83,49.69,69,82,2.33,RU,2020-07-09 17:58:21
458,Boo,59.33,18.28,66.0,51,32,4.7,SE,2020-07-09 17:58:21
459,Masunga,-20.62,27.45,64.4,52,20,5.82,BW,2020-07-09 17:58:21
460,Mokhsogollokh,61.47,128.92,58.35,95,100,7.87,RU,2020-07-09 17:58:22
461,Hambantota,6.12,81.12,80.47,81,72,16.06,LK,2020-07-09 17:58:22
462,Cayhagan,9.67,122.43,80.6,76,52,1.66,PH,2020-07-09 17:58:22
463,Shelburne,44.08,-80.2,93.2,38,1,9.17,CA,2020-07-09 17:56:02
464,Dungarpur,23.83,73.72,83.61,72,30,15.1,IN,2020-07-09 17:58:22
465,Katsuura,35.13,140.3,73.99,100,75,10.29,JP,2020-07-09 17:58:23
466,Zhanaozen,43.3,52.8,89.33,22,56,15.57,KZ,2020-07-09 17:58:23
467,Porto,41.15,-8.61,81.0,60,2,19.46,PT,2020-07-09 17:53:39
468,Port Moresby,-9.44,147.18,75.2,100,20,3.36,PG,2020-07-09 17:58:23
469,Gazojak,41.19,61.4,88.59,21,10,13.11,TM,2020-07-09 17:58:23
470,Sambava,-14.27,50.17,71.01,79,27,15.9,MG,2020-07-09 17:58:23
471,Fort Nelson,58.81,-122.7,57.2,93,90,3.36,CA,2020-07-09 17:58:23
472,Zambezi,-13.54,23.1,66.42,34,0,4.83,ZM,2020-07-09 17:58:24
473,Srednekolymsk,67.45,153.68,56.14,83,74,4.65,RU,2020-07-09 17:58:24
474,Presidencia Roque Saenz Pena,-26.79,-60.44,63.28,43,0,6.15,AR,2020-07-09 17:58:24
475,Sept-Iles,50.2,-66.38,64.0,93,75,10.29,CA,2020-07-09 17:58:24
476,Takayama,36.13,137.25,73.99,97,100,4.72,JP,2020-07-09 17:58:24
477,Wad Madani,14.4,33.52,88.43,43,94,10.11,SD,2020-07-09 17:58:24
478,Sawtell,-30.38,153.1,55.99,93,90,3.74,AU,2020-07-09 17:58:24
479,Kilifi,-3.63,39.85,77.0,83,40,5.82,KE,2020-07-09 17:58:24
480,Namtsy,62.72,129.67,64.4,63,20,8.95,RU,2020-07-09 17:58:25
481,Masallatah,32.62,14.0,74.77,77,0,14.76,LY,2020-07-09 17:58:25
482,Alampur,15.88,78.15,79.68,82,100,5.23,IN,2020-07-09 17:58:25
483,Yendi,9.44,-0.01,78.08,88,80,2.91,GH,2020-07-09 17:58:25
484,Tanout,14.97,8.89,99.57,18,30,5.12,NE,2020-07-09 17:58:25
485,Lannion,48.75,-3.42,60.8,87,90,12.75,FR,2020-07-09 17:58:25
486,Cabra,37.47,-4.44,91.0,23,0,3.0,ES,2020-07-09 17:58:26
487,Kahului,20.89,-156.47,82.4,58,1,12.75,US,2020-07-09 17:55:23
488,Nishihara,26.18,127.76,84.2,88,20,9.17,JP,2020-07-09 17:58:26
489,Moose Factory,51.26,-80.61,87.8,40,1,10.29,CA,2020-07-09 17:58:26
490,Mehamn,71.04,27.85,46.4,93,75,12.75,NO,2020-07-09 17:58:26
491,Semey,50.41,80.23,72.27,60,0,5.73,KZ,2020-07-09 17:54:50
492,Ahmadnagar,19.08,74.73,75.85,80,100,12.17,IN,2020-07-09 17:58:27
493,Pires Do Rio,-17.3,-48.28,82.8,33,0,3.53,BR,2020-07-09 17:58:27
494,Shimanovsk,52.0,127.7,62.6,78,23,7.43,RU,2020-07-09 17:58:27
495,Viedma,-40.81,-63.0,45.07,79,100,27.36,AR,2020-07-09 17:58:27
496,Kimbe,-5.55,150.14,74.75,88,54,4.54,PG,2020-07-09 17:58:27
497,Sola,-13.88,167.55,79.95,83,78,24.56,VU,2020-07-09 17:58:27
498,Sakaiminato,35.55,133.23,77.0,83,75,5.82,JP,2020-07-09 17:58:28
499,Antsohihy,-14.88,47.99,73.65,55,1,15.26,MG,2020-07-09 17:58:28
500,Katubao,5.89,124.83,79.79,76,79,6.71,PH,2020-07-09 17:58:28
501,Camargo,27.67,-105.17,91.94,27,0,3.22,MX,2020-07-09 17:58:28
502,Puerto Narino,-3.77,-70.38,89.6,66,75,5.82,CO,2020-07-09 17:58:28
503,Sokoni,-6.43,39.55,77.0,88,40,4.7,TZ,2020-07-09 17:58:28
504,Kachug,53.96,105.88,58.42,70,100,2.84,RU,2020-07-09 17:58:28
505,Hovd,48.01,91.64,60.75,52,11,2.42,MN,2020-07-09 17:58:29
506,Kiunga,-6.12,141.29,73.54,99,81,1.01,PG,2020-07-09 17:58:29
507,Kaihua,23.37,104.28,68.58,87,100,4.79,CN,2020-07-09 17:58:29
508,Starkville,33.45,-88.82,86.0,74,75,3.96,US,2020-07-09 17:58:29
509,Mount Darwin,-16.77,31.58,62.06,71,9,3.74,ZW,2020-07-09 17:58:29
510,El Limon,10.31,-67.63,83.44,59,51,2.66,VE,2020-07-09 17:58:29
511,Praia,14.92,-23.51,87.8,58,0,12.75,CV,2020-07-09 17:58:29
512,Melchor De Mencos,17.07,-89.15,89.6,66,40,4.7,GT,2020-07-09 17:58:30
513,Omboue,-1.57,9.26,73.83,80,75,9.24,GA,2020-07-09 17:58:30
514,Yuncheng,35.02,110.99,79.09,66,41,7.61,CN,2020-07-09 17:58:30
515,Poum,-20.23,164.02,69.1,70,12,10.29,NC,2020-07-09 17:58:30
516,Cascais,38.7,-9.42,75.0,68,20,17.22,PT,2020-07-09 17:58:30
517,Santa Barbara,34.42,-119.7,80.01,82,75,6.93,US,2020-07-09 17:58:30
518,Ordzhonikidze,52.44,61.74,71.4,62,0,4.72,KZ,2020-07-09 17:58:31
519,Kolokani,13.57,-8.03,93.47,43,91,7.65,ML,2020-07-09 17:58:31
520,Inta,66.03,60.17,69.49,70,12,12.28,RU,2020-07-09 17:58:31
521,Lingao,19.91,109.69,83.79,72,100,11.92,CN,2020-07-09 17:58:31
522,Trofors,65.53,13.41,55.4,62,75,5.82,NO,2020-07-09 17:58:31
523,Vao,-22.67,167.48,67.5,74,14,24.0,NC,2020-07-09 17:58:31
524,Bambous Virieux,-20.34,57.76,72.0,60,20,14.99,MU,2020-07-09 17:58:31
525,Nabinagar,23.89,90.97,82.4,78,75,11.41,BD,2020-07-09 17:58:32
